Date,Facebook,Pinterest,Twitter,StumbleUpon,YouTube,Instagram,Tumblr,reddit,VKontakte,LinkedIn,Google,Digg,MySpace,Fark,NowPublic,iWiW,news.ycombinator.com,Delicious,orkut,Odnoklassniki,Vimeo,Other
2023-01,66.9,6.05,12.36,0.01,3.61,9.62,0.24,0.52,0.1,0.53,0,0,0,0.01,0,0,0.02,0,0,0,0.01,0.01
2023-02,69.33,5.76,10.46,0.01,3.57,9.74,0.21,0.42,0.09,0.33,0,0,0,0.02,0,0,0.03,0,0,0,0.01,0.01
2023-03,67.41,6.09,10.35,0.02,3.89,11.04,0.2,0.45,0.09,0.4,0,0,0,0.02,0,0,0.02,0,0,0,0.01,0.01
2023-04,66.31,5.54,11.49,0.01,3.49,11.94,0.23,0.46,0.1,0.36,0,0,0,0.02,0,0,0.02,0,0,0,0,0.01
2023-05,65.7,5.24,11.44,0.01,3.74,12.63,0.27,0.45,0.1,0.4,0,0,0,0.02,0,0,0.01,0,0,0,0,0.01
2023-06,63.94,4.78,12.1,0.01,3.98,13.93,0.23,0.46,0.08,0.43,0,0,0,0.02,0,0,0.02,0,0,0,0,0.01
2023-07,65.78,5.96,8.85,0,3.78,14.32,0.2,0.58,0.09,0.4,0,0,0.01,0.01,0,0,0,0,0,0,0,0.01
2023-08,66.91,6.35,8.38,0,3.96,13.05,0.2,0.62,0.08,0.4,0,0,0,0.02,0,0,0,0,0,0,0,0
2023-09,65.24,7.28,8.75,0,4,13.31,0.2,0.52,0.22,0.44,0,0,0,0.02,0,0,0,0,0,0,0,0.01
2023-10,65.15,8.47,8.75,0.01,4.43,12.05,0.21,0.37,0.07,0.48,0,0,0,0.02,0,0,0,0,0,0,0,0
2023-11,63.56,10.02,8.49,0,5.02,11.38,0.24,0.64,0.08,0.54,0,0,0,0.02,0,0,0,0,0,0,0,0
2023-12,64.79,9.97,7.75,0,5.88,10.03,0.22,0.7,0.07,0.55,0,0,0,0.03,0,0,0.01,0,0,0,0,0